policy,seed,outcome,time,hp,houses,cleared,kills,recruited
expert,980000,departure,300.89999999999003,315.03458984374987,2,9,117,37
expert,980004,departure,300.89999999999003,479.39702343749985,1,9,117,35
expert,980008,harmony,300.89999999999003,125.17188359374998,1,9,117,33
expert,980012,force,300.99999999998994,203.35340156250004,1,10,118,30
expert,980016,defeat,280.40000000003494,0,0,8,102,32
expert,980020,harmony,300.89999999999003,321.86696718749977,1,9,117,31
expert,980024,departure,300.89999999999003,129.89975742187482,1,9,117,31
expert,980028,force,300.99999999998994,159.51847096354157,1,10,118,33
expert,980032,departure,300.89999999999003,264.9152570312501,1,9,117,32
expert,980036,defeat,295.00000000002166,0,0,8,113,32
expert,980040,defeat,290.1000000000261,0,0,9,114,29
expert,980044,departure,300.7999999999901,52.145903906249956,1,8,116,31
expert,980048,departure,300.89999999999003,72.0760933593751,1,9,117,31
expert,980052,defeat,287.10000000002884,0,0,8,106,33
expert,980056,harmony,300.89999999999003,63.68526171875011,2,9,117,33
expert,980060,defeat,292.1000000000243,0,0,8,110,32
expert,980064,defeat,299.000000000018,0,0,9,117,31
expert,980068,harmony,300.8999999999899,36.61258398437488,1,9,117,33
expert,980072,force,300.99999999998994,177.17494010416686,2,10,118,30
expert,980076,force,300.99999999998994,4.7611046875001275,1,10,118,31
expert,980080,departure,300.89999999999003,5.763621354166669,1,9,117,32
expert,980084,departure,300.89999999999003,76.45768046874979,1,9,117,36
expert,980088,departure,300.89999999999003,210.50184895833334,1,9,117,31
expert,980092,force,300.99999999998994,213.97080468749922,1,10,118,33
expert,980096,defeat,279.200000000036,0,0,8,99,31
expert,980100,force,300.99999999998994,126.9741867187497,1,10,118,30
expert,980104,departure,300.89999999999003,149.6200234375,1,9,117,31
expert,980108,departure,300.89999999999003,232.50211979166676,1,9,117,34
expert,980112,departure,300.89999999999003,36.01530625000018,1,9,117,31
expert,980116,departure,300.89999999999003,289.9774062499997,1,9,117,29
expert,980120,defeat,295.4000000000213,0,0,9,115,32
expert,980124,defeat,285.7000000000301,0,0,9,107,30
expert,980128,departure,300.89999999999003,68.07345234375002,1,9,117,32
expert,980132,departure,300.7999999999901,312.1053013020833,1,8,116,33
expert,980136,departure,300.89999999999003,37.17032447916691,1,9,117,31
expert,980140,defeat,293.2000000000233,0,0,9,115,30
expert,980144,harmony,300.99999999998994,117.50797187500004,1,10,118,32
expert,980148,departure,300.89999999999003,77.19192942708334,1,9,117,32
expert,980152,defeat,287.30000000002866,0,0,9,110,31
expert,980156,defeat,291.60000000002475,0,0,8,112,29
expert,980160,departure,300.89999999999003,243.5284113281251,1,9,117,30
expert,980164,force,300.99999999998994,89.80942122395838,1,10,118,32
expert,980168,defeat,275.10000000003976,0,0,8,95,30
expert,980172,departure,300.7999999999901,353.49973203124955,1,8,116,32
expert,980176,harmony,300.89999999999003,279.7934671875,1,9,117,31
expert,980180,force,300.99999999998994,129.93616562500006,1,10,118,33
expert,980184,departure,300.89999999999003,147.60199179687524,1,9,117,31
expert,980188,defeat,286.30000000002957,0,0,9,109,33
expert,980192,departure,300.89999999999003,75.02462825520871,1,9,117,36
expert,980196,defeat,284.2000000000315,0,0,8,103,32
expert,980200,departure,300.89999999999003,30.826559895833526,1,9,117,32
expert,980204,defeat,286.6000000000293,0,0,9,110,30
expert,980208,harmony,300.99999999998994,269.8022778645835,1,10,118,33
expert,980212,force,300.99999999998994,122.53741992187426,1,10,118,32
expert,980216,force,300.99999999998994,84.11399609375016,1,10,118,35
expert,980220,departure,300.89999999999003,176.15897687500026,1,9,117,34
expert,980224,departure,300.89999999999003,123.61002226562502,1,9,117,29
expert,980228,departure,300.89999999999003,353.9206671874995,1,9,117,31
expert,980232,departure,300.89999999999003,142.40629101562502,1,9,117,32
expert,980236,departure,300.89999999999003,159.05883984375004,2,9,117,30
expert,980240,departure,300.7999999999901,227.99639570312507,1,8,116,36
expert,980244,defeat,291.70000000002466,0,0,9,114,32
expert,980248,harmony,300.89999999999003,189.6344488281248,1,9,117,31
expert,980252,departure,300.89999999999003,65.82938541666671,1,9,117,34
expert,980256,defeat,288.20000000002784,0,0,9,110,34
expert,980260,force,300.99999999998994,217.90737500000014,1,10,118,30
expert,980264,force,300.99999999998994,241.2061367187496,1,10,118,31
expert,980268,defeat,282.500000000033,0,1,9,108,30
expert,980272,force,300.99999999998994,110.84494531249962,1,10,118,31
expert,980276,departure,300.89999999999003,187.50782604166676,1,9,117,34
expert,980280,harmony,300.89999999999003,104.99989062500006,1,9,116,33
expert,980284,force,300.99999999998994,69.42091406250012,3,10,118,31
expert,980288,departure,300.89999999999003,210.27939570312478,1,9,117,32
expert,980292,departure,300.89999999999003,115.06584687499986,1,9,117,32
expert,980296,departure,300.7999999999901,295.49761171875,1,8,116,36
random,980000,defeat,257.1000000000561,0,8,8,90,33
random,980004,departure,300.7999999999901,108.15940624999999,8,8,114,36
random,980008,departure,300.89999999999003,0.5256562500000932,1,9,117,32
random,980012,defeat,237.9000000000479,0,0,7,80,30
random,980016,harmony,300.7999999999901,12.405531250000143,3,8,115,31
random,980020,defeat,292.90000000002357,0,1,8,108,34
random,980024,defeat,286.900000000029,0,1,8,107,34
random,980028,defeat,229.60000000004365,0,0,7,70,31
random,980032,departure,300.7999999999901,167.65311718749993,4,8,115,34
random,980036,defeat,288.10000000002793,0,5,8,106,32
random,980040,defeat,286.900000000029,0,0,8,101,31
random,980044,defeat,228.9000000000433,0,4,7,69,31
random,980048,defeat,294.600000000022,0,9,8,110,32
random,980052,defeat,282.4000000000331,0,1,8,104,31
random,980056,defeat,279.0000000000362,0,9,8,102,35
random,980060,defeat,283.3000000000323,0,8,8,105,29
random,980064,defeat,225.4000000000415,0,7,7,69,33
random,980068,defeat,296.3000000000205,0,5,8,110,30
random,980072,defeat,280.1000000000352,0,3,8,102,36
random,980076,defeat,284.2000000000315,0,7,8,106,31
random,980080,departure,300.8999999999899,14.629972656250294,7,9,117,32
random,980084,defeat,228.80000000004324,0,8,7,69,31
random,980088,departure,300.7999999999901,2.368460937500137,2,8,116,31
random,980092,defeat,237.7000000000478,0,5,7,78,30
random,980096,defeat,283.00000000003257,0,0,8,104,33
random,980100,defeat,293.2000000000233,0,0,8,109,29
random,980104,defeat,225.70000000004165,0,7,7,70,29
random,980108,defeat,237.40000000004764,0,8,7,78,32
random,980112,defeat,267.6000000000466,0,0,8,90,30
random,980116,defeat,238.80000000004836,0,7,7,80,30
random,980120,defeat,233.6000000000457,0,3,6,70,32
random,980124,defeat,291.80000000002457,0,1,8,109,32
random,980128,harmony,300.89999999999003,214.19841406249992,1,9,117,32
random,980132,defeat,239.60000000004877,0,8,7,79,35
random,980136,defeat,236.10000000004698,0,4,7,77,30
random,980140,departure,300.7999999999901,53.46542578125005,6,8,112,34
random,980144,departure,300.89999999999003,32.031671875000086,6,9,117,31
random,980148,defeat,239.00000000004846,0,6,7,80,32
random,980152,defeat,238.60000000004825,0,2,7,80,29
random,980156,defeat,286.4000000000295,0,0,8,103,38
random,980160,defeat,299.6000000000175,0,0,8,112,37
random,980164,defeat,255.80000000005705,0,3,8,88,33
random,980168,departure,300.89999999999003,55.81466406250011,6,9,116,33
random,980172,defeat,228.7000000000432,0,1,7,68,31
random,980176,defeat,279.0000000000362,0,4,8,101,36
random,980180,defeat,281.70000000003375,0,2,9,106,30
random,980184,defeat,221.20000000003935,0,7,6,65,31
random,980188,departure,300.7999999999901,2.872898437500316,2,8,116,32
random,980192,defeat,235.70000000004677,0,0,7,76,30
random,980196,defeat,227.30000000004247,0,8,7,69,31
random,980200,defeat,287.9000000000281,0,5,9,112,31
random,980204,defeat,257.0000000000562,0,9,8,87,34
random,980208,defeat,278.30000000003685,0,0,8,96,34
random,980212,departure,300.7999999999901,82.86510677083336,1,8,115,31
random,980216,defeat,297.4000000000195,0,3,9,115,31
random,980220,defeat,284.3000000000314,0,1,8,104,34
random,980224,defeat,286.30000000002957,0,0,8,105,29
random,980228,defeat,300.2000000000169,0,6,8,110,33
random,980232,defeat,242.00000000005,0,7,7,79,34
random,980236,defeat,283.600000000032,0,9,8,101,31
random,980240,defeat,243.70000000005086,0,1,7,75,32
random,980244,defeat,242.70000000005035,0,9,7,78,35
random,980248,defeat,228.80000000004324,0,3,7,70,32
random,980252,defeat,231.60000000004467,0,6,7,70,34
random,980256,defeat,246.9000000000525,0,9,6,78,33
random,980260,defeat,228.80000000004324,0,7,7,71,33
random,980264,defeat,233.6000000000457,0,0,7,72,36
random,980268,defeat,279.7000000000356,0,2,8,103,31
random,980272,defeat,244.60000000005132,0,8,7,80,31
random,980276,defeat,240.80000000004938,0,9,7,80,31
random,980280,defeat,245.30000000005168,0,8,6,74,32
random,980284,defeat,258.30000000005504,0,1,7,87,31
random,980288,defeat,285.00000000003075,0,0,9,106,31
random,980292,defeat,256.6000000000566,0,1,8,88,34
random,980296,defeat,237.3000000000476,0,6,7,77,33
guardian,980000,defeat,234.90000000004636,0,0,7,74,29
guardian,980004,defeat,277.10000000003794,0,0,7,89,29
guardian,980008,defeat,218.40000000003792,0,0,6,58,30
guardian,980012,defeat,223.80000000004068,0,0,6,61,29
guardian,980016,defeat,177.1000000000168,0,0,4,45,28
guardian,980020,defeat,234.50000000004616,0,0,7,72,29
guardian,980024,defeat,219.30000000003838,0,0,6,59,30
guardian,980028,defeat,210.10000000003367,0,0,6,55,30
guardian,980032,defeat,211.7000000000345,0,0,5,54,29
guardian,980036,defeat,222.00000000003976,0,0,7,65,30
guardian,980040,defeat,194.40000000002564,0,1,5,51,28
guardian,980044,defeat,228.20000000004293,0,0,7,65,28
guardian,980048,defeat,171.80000000001408,0,0,3,40,29
guardian,980052,defeat,215.30000000003633,0,0,6,62,29
guardian,980056,defeat,173.10000000001475,0,0,4,41,28
guardian,980060,defeat,200.4000000000287,0,0,5,53,29
guardian,980064,defeat,176.00000000001623,0,0,4,44,28
guardian,980068,defeat,267.0000000000471,0,0,8,91,29
guardian,980072,defeat,205.20000000003117,0,0,6,55,29
guardian,980076,defeat,228.9000000000433,0,0,7,68,29
guardian,980080,defeat,177.40000000001695,0,0,5,48,28
guardian,980084,defeat,201.60000000002933,0,0,4,52,30
guardian,980088,defeat,226.2000000000419,0,0,6,62,28
guardian,980092,defeat,216.70000000003705,0,0,6,58,30
guardian,980096,defeat,230.00000000004385,0,0,7,67,30
watcher,980000,defeat,285.80000000003,0,0,9,108,36
watcher,980004,departure,300.89999999999003,220.59020703124978,1,9,116,32
watcher,980008,defeat,280.0000000000353,0,0,9,101,38
watcher,980012,defeat,261.3000000000523,0,0,7,89,33
watcher,980016,defeat,229.40000000004355,0,3,6,73,35
watcher,980020,harmony,300.8999999999899,17.717874999999687,1,9,116,41
watcher,980024,defeat,262.4000000000513,0,0,7,89,38
watcher,980028,defeat,256.20000000005695,0,0,7,86,35
watcher,980032,defeat,286.10000000002975,0,0,9,108,34
watcher,980036,defeat,258.40000000005494,0,0,7,85,32
watcher,980040,defeat,263.6000000000502,0,0,7,93,34
watcher,980044,defeat,264.10000000004976,0,0,7,86,36
watcher,980048,defeat,250.30000000005424,0,1,7,83,35
watcher,980052,defeat,249.10000000005363,0,6,7,82,36
watcher,980056,defeat,242.00000000005,0,7,6,79,31
watcher,980060,defeat,267.0000000000471,0,2,7,93,35
watcher,980064,defeat,231.30000000004452,0,6,6,77,33
watcher,980068,defeat,280.1000000000352,0,0,9,104,35
watcher,980072,defeat,256.9000000000563,0,1,6,84,36
watcher,980076,force,300.99999999998994,22.123691406249936,3,10,118,35
watcher,980080,defeat,253.70000000005598,0,5,6,83,36
watcher,980084,defeat,259.1000000000543,0,0,8,86,32
watcher,980088,defeat,283.00000000003257,0,0,9,107,33
watcher,980092,defeat,271.70000000004285,0,0,8,94,33
watcher,980096,defeat,256.40000000005676,0,0,8,85,35
gunner,980000,defeat,253.00000000005562,0,1,8,88,31
gunner,980004,defeat,266.30000000004776,0,0,8,91,35
gunner,980008,defeat,261.4000000000522,0,0,8,88,35
gunner,980012,defeat,281.50000000003394,0,0,8,109,33
gunner,980016,defeat,228.80000000004324,0,2,7,68,32
gunner,980020,defeat,280.60000000003475,0,0,9,106,36
gunner,980024,defeat,236.60000000004723,0,1,7,80,31
gunner,980028,defeat,226.10000000004186,0,0,6,67,31
gunner,980032,defeat,271.3000000000432,0,0,8,91,34
gunner,980036,defeat,271.50000000004303,0,0,8,92,33
gunner,980040,defeat,239.50000000004871,0,0,6,74,33
gunner,980044,defeat,219.30000000003838,0,0,6,62,32
gunner,980048,defeat,228.00000000004283,0,1,6,67,30
gunner,980052,defeat,233.0000000000454,0,2,7,78,35
gunner,980056,defeat,232.30000000004503,0,2,7,77,31
gunner,980060,defeat,235.0000000000464,0,4,7,78,31
gunner,980064,defeat,230.7000000000442,0,4,7,75,31
gunner,980068,defeat,282.70000000003284,0,2,9,110,35
gunner,980072,departure,300.8999999999901,29.593593749999886,2,9,117,36
gunner,980076,defeat,233.4000000000456,0,5,7,79,31
gunner,980080,defeat,238.80000000004836,0,1,7,78,32
gunner,980084,defeat,230.7000000000442,0,1,7,70,38
gunner,980088,defeat,280.0000000000353,0,1,8,104,35
gunner,980092,defeat,275.10000000003976,0,0,8,94,31
gunner,980096,defeat,254.20000000005624,0,3,8,87,34
scout,980000,defeat,236.50000000004718,0,0,7,77,30
scout,980004,defeat,268.40000000004585,0,0,7,88,34
scout,980008,defeat,232.60000000004518,0,0,7,72,31
scout,980012,defeat,230.40000000004406,0,0,7,71,30
scout,980016,defeat,195.00000000002595,0,1,6,54,30
scout,980020,defeat,265.10000000004885,0,0,8,92,33
scout,980024,defeat,223.20000000004038,0,0,7,65,30
scout,980028,defeat,234.4000000000461,0,0,7,75,31
scout,980032,defeat,236.70000000004728,0,0,7,77,31
scout,980036,defeat,228.80000000004324,0,0,7,66,31
scout,980040,defeat,226.90000000004227,0,0,7,67,31
scout,980044,defeat,235.10000000004646,0,0,6,73,33
scout,980048,defeat,219.70000000003859,0,0,6,62,31
scout,980052,defeat,234.4000000000461,0,0,7,77,33
scout,980056,defeat,229.5000000000436,0,0,7,68,34
scout,980060,defeat,228.5000000000431,0,0,7,66,31
scout,980064,defeat,220.60000000003905,0,0,7,65,30
scout,980068,defeat,267.8000000000464,0,0,8,93,34
scout,980072,defeat,222.50000000004002,0,0,7,66,30
scout,980076,defeat,231.00000000004437,0,0,7,71,31
scout,980080,defeat,229.7000000000437,0,0,7,70,37
scout,980084,defeat,211.60000000003444,0,0,6,60,33
scout,980088,defeat,227.90000000004278,0,0,7,67,31
scout,980092,defeat,240.00000000004897,0,1,7,79,31
scout,980096,defeat,225.10000000004135,0,0,7,67,30
mixed,980000,force,300.99999999998994,106.91160156250034,3,10,118,30
mixed,980004,defeat,283.3000000000323,0,0,8,105,32
mixed,980008,defeat,283.90000000003175,0,0,8,107,33
mixed,980012,departure,300.89999999999003,34.087757812500236,1,9,117,29
mixed,980016,defeat,233.30000000004554,0,2,7,75,32
mixed,980020,defeat,287.7000000000283,0,0,9,114,33
mixed,980024,defeat,280.0000000000353,0,1,9,105,30
mixed,980028,force,300.99999999998994,45.29516979166699,1,10,118,33
mixed,980032,defeat,276.7000000000383,0,1,8,99,32
mixed,980036,defeat,250.4000000000543,0,5,8,84,29
mixed,980040,harmony,300.89999999999003,82.02791406250014,3,9,117,30
mixed,980044,defeat,237.80000000004785,0,5,7,79,32
mixed,980048,defeat,230.1000000000439,0,0,7,70,30
mixed,980052,defeat,292.80000000002366,0,0,9,114,32
mixed,980056,defeat,281.60000000003384,0,1,8,104,30
mixed,980060,defeat,285.5000000000303,0,9,8,110,31
mixed,980064,defeat,285.6000000000302,0,1,9,111,29
mixed,980068,defeat,282.4000000000331,0,2,9,112,31
mixed,980072,departure,300.89999999999003,93.17215468749994,1,9,117,31
mixed,980076,defeat,285.10000000003066,0,5,9,112,29
mixed,980080,defeat,287.8000000000282,0,0,8,107,31
mixed,980084,defeat,238.9000000000484,0,6,7,80,33
mixed,980088,defeat,278.50000000003666,0,4,8,100,32
mixed,980092,defeat,286.00000000002984,0,0,9,109,30
mixed,980096,defeat,283.70000000003193,0,0,8,106,31
casual,980000,defeat,229.20000000004345,0,0,6,68,24
casual,980004,defeat,214.90000000003613,0,0,6,61,21
casual,980008,defeat,233.6000000000457,0,0,6,71,24
casual,980012,defeat,209.10000000003316,0,0,6,59,17
casual,980016,defeat,179.10000000001781,0,4,5,49,19
casual,980020,defeat,163.90000000001004,0,0,3,34,14
casual,980024,defeat,219.40000000003843,0,0,6,61,19
casual,980028,defeat,201.50000000002927,0,0,6,57,19
casual,980032,defeat,236.20000000004703,0,0,7,75,23
casual,980036,defeat,223.50000000004053,0,0,6,62,18
casual,980040,defeat,203.00000000003004,0,0,6,56,16
casual,980044,defeat,169.700000000013,0,0,5,43,15
casual,980048,defeat,233.90000000004585,0,3,7,73,27
casual,980052,defeat,204.60000000003086,0,0,6,57,20
casual,980056,defeat,181.8000000000192,0,1,5,50,15
casual,980060,defeat,229.3000000000435,0,0,7,71,24
casual,980064,defeat,222.30000000003992,0,3,6,64,24
casual,980068,defeat,218.60000000003802,0,0,6,62,17
casual,980072,defeat,221.7000000000396,0,0,7,65,24
casual,980076,defeat,176.50000000001648,0,0,5,46,12
casual,980080,defeat,216.90000000003715,0,0,6,61,21
casual,980084,defeat,221.80000000003966,0,7,7,66,25
casual,980088,defeat,217.30000000003736,0,0,6,62,19
casual,980092,defeat,231.80000000004478,0,1,6,65,25
casual,980096,defeat,225.50000000004155,0,0,7,67,16
expert,980001,force,300.99999999998994,83.12637812500047,1,10,118,30
expert,980005,departure,300.89999999999003,123.42966890624997,1,9,117,34
expert,980009,departure,300.89999999999003,281.8457812499995,1,9,117,33
expert,980013,departure,300.7999999999901,247.75381367187504,1,8,116,31
expert,980017,departure,300.89999999999003,33.26714635416685,1,9,117,29
expert,980021,departure,300.89999999999003,258.6812046874998,1,9,117,29
expert,980025,departure,300.89999999999003,72.90925286458354,1,9,117,31
expert,980029,departure,300.89999999999003,194.0193572916666,1,9,117,34
expert,980033,departure,300.89999999999003,279.2139355468744,1,9,117,29
expert,980037,defeat,297.7000000000192,0,0,9,117,32
expert,980041,departure,300.7999999999901,27.532181250000093,1,8,116,35
expert,980045,defeat,261.60000000005203,0,0,8,89,30
expert,980049,departure,300.89999999999003,108.79104687499999,1,9,117,34
expert,980053,defeat,291.2000000000251,0,0,9,112,32
expert,980057,departure,300.89999999999003,18.766453124999924,1,9,117,31
expert,980061,departure,300.89999999999003,389.98734687499984,1,9,117,31
expert,980065,departure,300.89999999999003,203.3935312500001,1,9,117,31
expert,980069,departure,300.7999999999901,207.62715859375007,1,8,116,34
expert,980073,defeat,288.10000000002793,0,0,9,112,34
expert,980077,departure,300.89999999999003,386.2883828124999,1,9,116,34
expert,980081,force,300.99999999998994,179.9240953124998,1,10,118,33
expert,980085,harmony,300.89999999999003,43.867736718749995,1,9,117,31
expert,980089,harmony,300.89999999999003,77.56830593750048,1,9,117,31
expert,980093,defeat,293.4000000000231,0,0,9,115,30
expert,980097,force,300.99999999998994,88.44036523437526,1,10,118,33
expert,980101,departure,300.89999999999003,153.5972010416667,1,9,117,34
expert,980105,departure,300.7999999999901,44.568901562499995,1,8,116,31
expert,980109,departure,300.89999999999003,4.436250000000054,2,9,117,29
expert,980113,departure,300.89999999999003,242.98226093750006,1,9,117,31
expert,980117,defeat,292.50000000002393,0,0,8,113,34
expert,980121,defeat,296.3000000000205,0,0,8,115,30
expert,980125,force,300.99999999998994,2.561001953125116,1,10,118,36
expert,980129,departure,300.89999999999003,283.534138671875,3,9,116,34
expert,980133,departure,300.89999999999003,420.5402031249993,1,9,117,34
expert,980137,force,300.99999999998994,86.72303281249933,1,10,118,32
expert,980141,departure,300.89999999999003,21.259634375000036,1,9,117,31
expert,980145,departure,300.89999999999003,45.86208320312562,1,9,117,30
expert,980149,defeat,277.30000000003776,0,0,8,98,31
expert,980153,defeat,288.40000000002766,0,0,8,110,31
expert,980157,departure,300.89999999999003,257.56171875000007,2,9,117,32
expert,980161,defeat,285.4000000000304,0,0,8,108,31
expert,980165,force,300.99999999998994,225.1313385416668,4,10,118,31
expert,980169,departure,300.89999999999003,221.90000000000026,3,9,117,32
expert,980173,departure,300.89999999999003,136.0180171875,1,9,117,31
expert,980177,departure,300.89999999999003,103.22013078124952,1,9,117,36
expert,980181,force,300.99999999998994,289.31281640625014,1,10,118,32
expert,980185,defeat,282.500000000033,0,0,8,102,32
expert,980189,departure,300.89999999999003,242.7201565104164,1,9,117,31
expert,980193,defeat,289.0000000000271,0,0,9,110,31
expert,980197,departure,300.89999999999003,73.67800781249996,1,9,117,30
expert,980201,departure,300.89999999999003,261.98623007812506,1,9,117,34
expert,980205,force,300.99999999998994,146.6882090624997,1,10,118,30
expert,980209,departure,300.89999999999003,253.90142968749987,1,9,117,31
expert,980213,defeat,297.7000000000192,0,0,8,116,31
expert,980217,force,300.99999999998994,102.040203125,3,10,118,31
expert,980221,force,300.99999999998994,285.5469048177084,1,10,118,33
expert,980225,departure,300.7999999999901,256.5558789062501,1,8,116,32
expert,980229,departure,300.89999999999003,356.38280781249995,1,9,117,34
expert,980233,force,300.99999999998994,145.27828437500006,1,10,118,30
expert,980237,force,300.99999999998994,121.9749453125,1,10,118,33
expert,980241,force,300.99999999998994,24.01318828125068,1,10,118,30
expert,980245,departure,300.89999999999003,287.0054817708329,1,9,117,32
expert,980249,departure,300.7999999999901,15.313757812499922,1,8,116,31
expert,980253,force,300.99999999998994,320.54591406250034,1,10,118,33
expert,980257,departure,300.89999999999003,168.03259375,3,9,117,33
expert,980261,defeat,299.9000000000172,0,0,9,117,34
expert,980265,departure,300.89999999999003,127.12329947916687,1,9,117,31
expert,980269,departure,300.89999999999003,40.29839843750014,3,9,117,29
expert,980273,departure,300.89999999999003,111.88054609375008,1,9,116,32
expert,980277,departure,300.89999999999003,37.2941369791666,1,9,117,34
expert,980281,departure,300.89999999999003,478.27438919270713,1,9,117,34
expert,980285,departure,300.89999999999003,87.66465677083369,1,9,117,30
expert,980289,force,300.99999999998994,39.48433125000018,1,10,118,33
expert,980293,defeat,271.2000000000433,0,0,8,94,33
expert,980297,departure,300.89999999999003,123.12678437500011,1,9,117,30
random,980001,defeat,235.30000000004657,0,6,6,73,30
random,980005,departure,300.89999999999003,51.47611875000011,1,9,116,33
random,980009,departure,300.7999999999901,106.2960572916665,1,8,116,29
random,980013,defeat,291.40000000002493,0,1,8,110,35
random,980017,defeat,229.60000000004365,0,4,7,69,30
random,980021,defeat,240.90000000004943,0,9,7,80,32
random,980025,defeat,268.0000000000462,0,0,8,90,38
random,980029,defeat,202.60000000002984,0,8,6,59,29
random,980033,defeat,258.40000000005494,0,6,8,90,30
random,980037,defeat,293.2000000000233,0,8,8,111,32
random,980041,departure,300.89999999999003,100.40214843750002,2,9,116,32
random,980045,defeat,255.700000000057,0,9,7,84,30
random,980049,defeat,225.50000000004155,0,5,7,68,28
random,980053,departure,300.7999999999901,86.18222265625002,4,8,116,33
random,980057,defeat,237.9000000000479,0,1,7,78,32
random,980061,defeat,281.400000000034,0,0,8,102,32
random,980065,departure,300.89999999999003,174.92803125000012,2,9,117,30
random,980069,defeat,284.700000000031,0,0,9,107,29
random,980073,defeat,252.30000000005526,0,9,8,86,36
random,980077,defeat,283.4000000000322,0,8,8,106,30
random,980081,defeat,230.7000000000442,0,2,7,72,33
random,980085,defeat,234.200000000046,0,2,7,75,30
random,980089,defeat,284.90000000003084,0,6,8,107,31
random,980093,defeat,280.2000000000351,0,5,8,104,32
random,980097,harmony,300.7999999999901,176.23112500000008,2,8,116,36
random,980101,defeat,289.7000000000265,0,9,8,111,34
random,980105,defeat,288.10000000002793,0,5,9,114,32
random,980109,defeat,295.6000000000211,0,9,8,113,36
random,980113,defeat,280.1000000000352,0,9,8,100,36
random,980117,defeat,279.9000000000354,0,7,8,101,31
random,980121,defeat,225.4000000000415,0,7,7,68,32
random,980125,defeat,222.20000000003986,0,6,7,66,33
random,980129,defeat,288.9000000000272,0,0,8,109,32
random,980133,defeat,235.10000000004646,0,7,7,71,31
random,980137,defeat,257.1000000000561,0,1,8,88,31
random,980141,defeat,286.6000000000293,0,5,8,108,31
random,980145,defeat,226.10000000004186,0,5,7,69,32
random,980149,defeat,286.900000000029,0,0,8,100,31
random,980153,defeat,238.80000000004836,0,8,7,76,30
random,980157,departure,300.89999999999003,121.85348437500008,1,9,117,32
random,980161,departure,300.7999999999901,2.1403046875002936,2,8,116,31
random,980165,defeat,284.10000000003157,0,0,8,103,32
random,980169,defeat,284.90000000003084,0,2,8,109,31
random,980173,departure,300.7999999999901,90.13158984375008,2,8,116,31
random,980177,defeat,293.3000000000232,0,0,8,111,32
random,980181,defeat,251.10000000005465,0,9,8,83,35
random,980185,defeat,284.80000000003093,0,0,8,104,32
random,980189,departure,300.7999999999901,94.98131835937502,6,8,114,34
random,980193,defeat,271.0000000000435,0,0,8,93,32
random,980197,defeat,286.8000000000291,0,2,8,108,31
random,980201,defeat,232.30000000004503,0,0,6,73,33
random,980205,defeat,280.1000000000352,0,0,8,98,31
random,980209,defeat,236.30000000004708,0,3,7,73,32
random,980213,departure,300.89999999999003,52.31050781250033,10,9,116,31
random,980217,defeat,237.1000000000475,0,5,7,80,29
random,980221,defeat,278.40000000003675,0,0,8,101,33
random,980225,defeat,229.5000000000436,0,8,7,69,31
random,980229,defeat,228.60000000004314,0,0,6,65,32
random,980233,departure,300.7999999999901,3.7173609375000707,1,8,114,33
random,980237,defeat,287.40000000002857,0,0,8,106,31
random,980241,departure,300.7999999999901,199.66767187499994,7,8,115,31
random,980245,defeat,279.200000000036,0,4,8,100,32
random,980249,defeat,292.50000000002393,0,6,8,106,34
random,980253,defeat,267.7000000000465,0,0,8,91,32
random,980257,defeat,278.100000000037,0,7,8,99,33
random,980261,defeat,290.8000000000255,0,0,9,111,35
random,980265,defeat,262.6000000000511,0,0,8,90,30
random,980269,defeat,278.100000000037,0,2,8,99,38
random,980273,defeat,235.70000000004677,0,0,7,72,30
random,980277,defeat,231.60000000004467,0,7,7,73,30
random,980281,defeat,293.2000000000233,0,7,8,108,32
random,980285,defeat,293.70000000002284,0,7,8,112,33
random,980289,defeat,290.40000000002584,0,6,8,110,34
random,980293,defeat,251.6000000000549,0,3,8,85,30
random,980297,defeat,284.5000000000312,0,9,8,108,33
guardian,980001,defeat,220.40000000003894,0,0,6,58,29
guardian,980005,defeat,212.40000000003485,0,0,6,57,30
guardian,980009,defeat,228.5000000000431,0,0,6,64,30
guardian,980013,defeat,245.20000000005163,0,1,7,77,29
guardian,980017,defeat,230.1000000000439,0,0,7,69,29
guardian,980021,defeat,197.80000000002738,0,1,4,52,29
guardian,980025,defeat,173.10000000001475,0,0,3,36,28
guardian,980029,defeat,228.20000000004293,0,0,6,59,28
guardian,980033,defeat,215.6000000000365,0,0,6,59,30
guardian,980037,defeat,173.4000000000149,0,0,3,41,28
guardian,980041,defeat,226.60000000004212,0,0,7,66,30
guardian,980045,defeat,194.9000000000259,0,1,5,51,29
guardian,980049,defeat,227.00000000004232,0,0,6,64,29
guardian,980053,defeat,223.70000000004063,0,0,6,64,30
guardian,980057,defeat,230.80000000004426,0,0,6,65,29
guardian,980061,defeat,234.50000000004616,0,0,6,68,28
guardian,980065,defeat,232.60000000004518,0,0,7,68,29
guardian,980069,defeat,219.30000000003838,0,0,6,59,30
guardian,980073,defeat,198.90000000002794,0,1,4,52,29
guardian,980077,defeat,181.10000000001884,0,1,5,49,28
guardian,980081,defeat,219.40000000003843,0,0,6,59,29
guardian,980085,defeat,268.30000000004594,0,0,7,88,29
guardian,980089,defeat,220.9000000000392,0,0,6,62,30
guardian,980093,defeat,172.10000000001423,0,0,3,36,28
guardian,980097,defeat,199.50000000002825,0,1,5,52,29
watcher,980001,defeat,270.50000000004394,0,0,7,92,33
watcher,980005,defeat,269.50000000004485,0,0,8,93,33
watcher,980009,defeat,256.6000000000566,0,0,7,84,38
watcher,980013,defeat,297.7000000000192,0,0,9,117,31
watcher,980017,defeat,282.3000000000332,0,0,9,106,37
watcher,980021,defeat,279.60000000003566,0,0,9,100,37
watcher,980025,defeat,238.9000000000484,0,0,6,78,34
watcher,980029,defeat,258.0000000000553,0,2,7,86,36
watcher,980033,defeat,262.2000000000515,0,0,8,85,37
watcher,980037,defeat,259.2000000000542,0,0,7,83,36
watcher,980041,defeat,240.40000000004918,0,1,7,80,35
watcher,980045,defeat,228.9000000000433,0,3,6,72,30
watcher,980049,defeat,269.50000000004485,0,2,7,95,33
watcher,980053,departure,300.8999999999899,104.37442057291611,1,9,117,41
watcher,980057,defeat,282.80000000003275,0,5,9,108,31
watcher,980061,departure,300.8999999999899,162.39829101562475,3,9,117,36
watcher,980065,defeat,280.60000000003475,0,0,9,104,35
watcher,980069,defeat,262.5000000000512,0,0,8,93,33
watcher,980073,defeat,235.90000000004687,0,2,6,76,35
watcher,980077,defeat,267.9000000000463,0,0,8,92,34
watcher,980081,defeat,258.9000000000545,0,0,6,84,32
watcher,980085,harmony,300.8999999999899,6.339648437499896,1,9,115,40
watcher,980089,defeat,280.1000000000352,0,0,9,103,35
watcher,980093,defeat,249.70000000005393,0,5,8,83,37
watcher,980097,defeat,259.1000000000543,0,0,8,88,33
gunner,980001,defeat,224.90000000004125,0,0,7,67,32
gunner,980005,defeat,237.80000000004785,0,1,7,79,36
gunner,980009,defeat,225.70000000004165,0,0,6,62,36
gunner,980013,defeat,227.50000000004258,0,0,6,66,35
gunner,980017,defeat,280.8000000000346,0,0,8,104,36
gunner,980021,defeat,238.00000000004795,0,3,7,80,33
gunner,980025,defeat,268.9000000000454,0,0,8,96,36
gunner,980029,defeat,248.50000000005332,0,1,8,83,34
gunner,980033,force,300.99999999998994,125.45326171875011,4,10,118,33
gunner,980037,defeat,260.80000000005276,0,0,8,87,35
gunner,980041,defeat,292.50000000002393,0,0,8,113,35
gunner,980045,defeat,227.50000000004258,0,2,7,67,33
gunner,980049,defeat,229.00000000004334,0,1,6,70,32
gunner,980053,defeat,273.6000000000411,0,0,8,98,33
gunner,980057,defeat,233.2000000000455,0,2,7,74,34
gunner,980061,defeat,281.400000000034,0,4,9,107,35
gunner,980065,defeat,285.6000000000302,0,0,9,109,34
gunner,980069,defeat,284.3000000000314,0,6,8,106,40
gunner,980073,force,300.99999999998994,53.46865234374998,7,10,118,36
gunner,980077,defeat,231.70000000004472,0,5,7,79,31
gunner,980081,defeat,290.50000000002575,0,0,8,112,38
gunner,980085,defeat,226.10000000004186,0,0,7,70,31
gunner,980089,defeat,233.6000000000457,0,3,7,80,32
gunner,980093,defeat,232.30000000004503,0,1,7,76,32
gunner,980097,force,300.99999999998994,108.1721484375,3,10,118,37
scout,980001,defeat,233.4000000000456,0,0,7,74,32
scout,980005,defeat,228.9000000000433,0,0,7,67,32
scout,980009,defeat,223.40000000004048,0,0,7,65,31
scout,980013,defeat,261.0000000000526,0,0,8,89,33
scout,980017,defeat,267.7000000000465,0,0,8,89,33
scout,980021,defeat,227.20000000004242,0,0,7,67,31
scout,980025,defeat,216.10000000003674,0,0,6,59,31
scout,980029,defeat,267.7000000000465,0,0,8,92,35
scout,980033,defeat,223.90000000004073,0,0,7,66,31
scout,980037,defeat,224.30000000004094,0,0,7,67,33
scout,980041,defeat,224.30000000004094,0,0,6,63,31
scout,980045,defeat,220.80000000003915,0,0,7,65,32
scout,980049,defeat,267.30000000004685,0,0,8,90,33
scout,980053,defeat,232.60000000004518,0,0,7,72,31
scout,980057,defeat,236.20000000004703,0,0,7,73,33
scout,980061,defeat,260.3000000000532,0,0,8,87,32
scout,980065,defeat,265.6000000000484,0,0,8,89,34
scout,980069,defeat,223.20000000004038,0,0,7,65,30
scout,980073,defeat,225.90000000004176,0,0,6,63,31
scout,980077,defeat,263.2000000000506,0,0,8,89,31
scout,980081,defeat,229.3000000000435,0,0,7,69,31
scout,980085,defeat,233.4000000000456,0,0,7,73,31
scout,980089,defeat,230.90000000004432,0,0,7,70,31
scout,980093,defeat,218.60000000003802,0,0,6,63,34
scout,980097,defeat,261.0000000000526,0,0,8,90,33
mixed,980001,defeat,284.5000000000312,0,0,8,105,31
mixed,980005,defeat,288.20000000002784,0,0,8,109,31
mixed,980009,defeat,290.70000000002557,0,0,8,113,33
mixed,980013,defeat,263.5000000000503,0,0,8,95,30
mixed,980017,departure,300.89999999999003,31.322467968750086,1,9,117,31
mixed,980021,defeat,283.3000000000323,0,4,9,110,33
mixed,980025,defeat,283.70000000003193,0,0,8,106,30
mixed,980029,defeat,282.90000000003266,0,0,9,108,33
mixed,980033,force,300.99999999998994,135.8996406250002,6,10,118,32
mixed,980037,defeat,290.60000000002566,0,0,9,112,36
mixed,980041,departure,300.89999999999003,143.66417187500014,4,9,117,33
mixed,980045,defeat,283.5000000000321,0,0,8,104,30
mixed,980049,defeat,294.70000000002193,0,0,9,117,33
mixed,980053,force,300.99999999998994,12.152164062500256,1,10,118,30
mixed,980057,defeat,281.400000000034,0,0,9,106,30
mixed,980061,departure,300.89999999999003,141.8428776041669,6,9,117,29
mixed,980065,force,300.99999999998994,157.96340000000018,1,10,118,33
mixed,980069,departure,300.7999999999901,155.6795078125001,10,8,116,37
mixed,980073,defeat,294.00000000002257,0,8,9,116,30
mixed,980077,force,300.99999999998994,11.735773437500091,3,10,118,31
mixed,980081,force,300.99999999998994,115.2679609375001,1,10,118,35
mixed,980085,defeat,279.30000000003594,0,0,9,102,30
mixed,980089,harmony,300.89999999999003,184.13543750000008,2,9,117,33
mixed,980093,departure,300.89999999999003,20.57003046875017,1,9,117,34
mixed,980097,force,300.99999999998994,114.3817500000001,5,10,118,33
casual,980001,defeat,229.20000000004345,0,0,6,62,26
casual,980005,defeat,210.40000000003383,0,0,6,55,14
casual,980009,defeat,182.4000000000195,0,3,5,49,22
casual,980013,defeat,181.70000000001914,0,1,4,48,13
casual,980017,defeat,164.50000000001035,0,0,4,38,14
casual,980021,defeat,228.00000000004283,0,1,7,68,25
casual,980025,defeat,226.2000000000419,0,7,7,69,26
casual,980029,defeat,227.60000000004263,0,3,7,68,24
casual,980033,defeat,209.60000000003342,0,0,6,57,16
casual,980037,defeat,217.30000000003736,0,0,6,61,18
casual,980041,defeat,229.5000000000436,0,0,7,73,23
casual,980045,defeat,232.8000000000453,0,0,7,74,23
casual,980049,defeat,165.70000000001096,0,0,4,38,14
casual,980053,defeat,206.70000000003193,0,0,6,58,16
casual,980057,defeat,237.9000000000479,0,0,7,78,28
casual,980061,defeat,229.3000000000435,0,0,6,64,21
casual,980065,defeat,227.60000000004263,0,0,6,66,26
casual,980069,defeat,273.5000000000412,0,9,7,94,31
casual,980073,defeat,166.80000000001152,0,0,5,41,17
casual,980077,defeat,209.2000000000332,0,0,6,58,20
casual,980081,defeat,225.90000000004176,0,5,7,68,25
casual,980085,defeat,169.20000000001275,0,0,5,43,15
casual,980089,defeat,223.80000000004068,0,1,6,64,22
casual,980093,defeat,194.5000000000257,0,1,5,52,15
casual,980097,defeat,224.50000000004104,0,0,6,61,21
expert,980002,defeat,237.3000000000476,0,4,7,80,31
expert,980006,departure,300.89999999999003,223.01225260416686,2,9,117,29
expert,980010,force,300.99999999998994,285.746285416666,1,10,118,32
expert,980014,departure,300.89999999999003,73.21398437500001,1,9,117,31
expert,980018,force,300.99999999998994,55.00792500000007,1,10,118,33
expert,980022,force,300.99999999998994,122.65685104166612,1,10,118,30
expert,980026,departure,300.89999999999003,23.458339843750103,1,9,117,32
expert,980030,harmony,300.89999999999003,521.8747187499997,1,9,117,31
expert,980034,force,300.99999999998994,323.2030648437501,1,10,118,33
expert,980038,force,300.99999999998994,78.94458906249993,1,10,118,33
expert,980042,force,300.99999999998994,467.61400419270785,1,10,118,32
expert,980046,departure,300.89999999999003,81.1807427083333,1,9,117,30
expert,980050,departure,300.89999999999003,10.450836848958216,1,9,117,31
expert,980054,force,300.99999999998994,111.7609171875,1,10,118,34
expert,980058,defeat,282.4000000000331,0,2,9,107,31
expert,980062,departure,300.89999999999003,106.7212489583331,1,9,117,31
expert,980066,force,300.99999999998994,266.41719270833335,4,10,118,32
expert,980070,defeat,289.30000000002684,0,0,8,109,31
expert,980074,departure,300.89999999999003,321.81908007812467,1,9,117,31
expert,980078,force,300.99999999998994,242.32332031250013,4,10,118,37
expert,980082,departure,300.89999999999003,211.05355468750008,1,9,117,31
expert,980086,force,300.99999999998994,52.32727500000008,1,10,118,32
expert,980090,force,300.99999999998994,36.94735734375023,1,10,118,30
expert,980094,departure,300.89999999999003,45.442337499999994,1,9,117,31
expert,980098,force,300.99999999998994,207.8157604687498,1,10,118,30
expert,980102,force,300.99999999998994,11.05492500000016,1,10,118,32
expert,980106,departure,300.89999999999003,189.5313984375001,1,9,117,32
expert,980110,defeat,281.400000000034,0,0,8,101,32
expert,980114,force,300.99999999998994,58.71499375000021,1,10,118,32
expert,980118,departure,300.89999999999003,320.75875234374985,1,9,117,30
expert,980122,departure,300.89999999999003,297.7743945312496,2,9,116,32
expert,980126,force,300.99999999998994,266.71993359375017,1,10,118,33
expert,980130,defeat,294.3000000000223,0,0,9,115,30
expert,980134,force,300.99999999998994,121.97947343749951,1,10,118,32
expert,980138,force,300.99999999998994,59.597048437500156,1,10,118,30
expert,980142,departure,300.89999999999003,296.0355781250001,2,9,117,32
expert,980146,force,300.99999999998994,5.8554234375001135,1,10,118,30
expert,980150,force,300.99999999998994,176.13515390625008,1,10,118,31
expert,980154,departure,300.89999999999003,71.7075570312497,1,9,117,35
expert,980158,force,300.99999999998994,420.72120507812474,5,10,118,34
expert,980162,force,300.99999999998994,268.6897682291668,5,10,118,31
expert,980166,force,300.99999999998994,22.468939062500077,1,10,118,32
expert,980170,defeat,283.1000000000325,0,0,8,105,31
expert,980174,departure,300.89999999999003,306.3799921874987,1,9,117,31
expert,980178,departure,300.89999999999003,130.8454656249992,1,9,117,29
expert,980182,defeat,287.7000000000283,0,0,9,114,32
expert,980186,force,300.99999999998994,65.07698749999999,1,10,118,36
expert,980190,defeat,292.50000000002393,0,0,9,113,32
expert,980194,defeat,282.2000000000333,0,0,9,106,31
expert,980198,defeat,292.2000000000242,0,0,8,112,29
expert,980202,defeat,255.1000000000567,0,1,8,88,30
expert,980206,force,300.99999999998994,170.0844960937502,1,10,118,32
expert,980210,defeat,294.3000000000223,0,0,9,115,32
expert,980214,departure,300.89999999999003,464.78032781249965,1,9,116,34
expert,980218,harmony,300.89999999999003,33.28368750000012,2,9,117,31
expert,980222,departure,300.89999999999003,228.26220429687456,1,9,117,31
expert,980226,force,300.99999999998994,522.259510937499,2,10,118,33
expert,980230,departure,300.89999999999003,103.60120312499991,1,9,117,31
expert,980234,force,300.99999999998994,139.98848007812433,1,10,118,30
expert,980238,defeat,292.50000000002393,0,0,8,111,29
expert,980242,departure,300.89999999999003,90.76567773437505,1,9,117,31
expert,980246,departure,300.89999999999003,311.3822151562502,1,9,117,33
expert,980250,departure,300.89999999999003,74.24630208333365,1,9,117,32
expert,980254,departure,300.89999999999003,129.07893359375007,1,9,117,32
expert,980258,defeat,274.90000000003994,0,0,8,94,38
expert,980262,force,300.99999999998994,325.781159375,1,10,118,30
expert,980266,force,300.99999999998994,384.37692070312403,1,10,118,30
expert,980270,harmony,300.99999999998994,60.88838437500014,1,10,118,33
expert,980274,departure,300.89999999999003,384.67041210937515,3,9,117,34
expert,980278,departure,300.89999999999003,139.7930078124999,1,9,117,32
expert,980282,defeat,294.90000000002175,0,0,8,113,32
expert,980286,force,300.99999999998994,174.48294335937516,1,10,118,29
expert,980290,departure,300.89999999999003,194.44546223958326,2,9,117,31
expert,980294,departure,300.89999999999003,0.7408296875000353,1,9,117,31
expert,980298,force,300.99999999998994,235.63808515624967,1,10,118,30
random,980002,defeat,290.0000000000262,0,5,8,111,31
random,980006,departure,300.89999999999003,91.42410156250011,5,9,115,34
random,980010,defeat,296.00000000002075,0,6,8,111,30
random,980014,defeat,226.400000000042,0,6,7,72,28
random,980018,defeat,280.1000000000352,0,2,8,101,35
random,980022,defeat,236.00000000004692,0,6,7,77,32
random,980026,defeat,233.30000000004554,0,2,7,76,32
random,980030,defeat,287.40000000002857,0,9,8,108,31
random,980034,defeat,231.80000000004478,0,7,7,76,29
random,980038,defeat,237.9000000000479,0,7,7,77,31
random,980042,defeat,291.1000000000252,0,0,8,108,30
random,980046,defeat,225.10000000004135,0,8,7,67,29
random,980050,defeat,287.30000000002866,0,2,8,107,31
random,980054,defeat,226.10000000004186,0,7,7,69,32
random,980058,defeat,285.5000000000303,0,0,9,105,30
random,980062,departure,300.7999999999901,200.99739843750007,3,8,113,35
random,980066,defeat,263.5000000000503,0,0,8,93,31
random,980070,departure,300.7999999999901,210.55665677083297,1,8,112,33
random,980074,departure,300.8999999999901,72.63519921874997,9,9,117,34
random,980078,defeat,282.1000000000334,0,0,9,105,30
random,980082,defeat,231.20000000004447,0,8,7,73,30
random,980086,defeat,228.80000000004324,0,6,7,69,31
random,980090,defeat,237.60000000004774,0,1,7,72,31
random,980094,defeat,284.700000000031,0,0,9,107,36
random,980098,departure,300.7999999999901,8.780296875000344,4,8,113,29
random,980102,defeat,260.1000000000534,0,7,8,92,31
random,980106,departure,300.7999999999901,52.001796875000025,7,8,116,37
random,980110,defeat,235.20000000004651,0,8,7,77,32
random,980114,defeat,237.3000000000476,0,6,7,78,33
random,980118,defeat,269.2000000000451,0,0,8,94,32
random,980122,defeat,292.0000000000244,0,0,8,108,34
random,980126,departure,300.7999999999901,88.50429947916678,10,8,115,32
random,980130,defeat,236.60000000004723,0,0,6,71,32
random,980134,departure,300.8999999999899,18.87867187500032,2,9,117,32
random,980138,harmony,300.89999999999003,11.108835937500087,7,9,117,34
random,980142,defeat,289.50000000002666,0,5,8,109,36
random,980146,defeat,224.2000000000409,0,4,7,67,32
random,980150,departure,300.7999999999901,187.2013937500001,1,8,116,36
random,980154,defeat,232.00000000004488,0,2,6,66,29
random,980158,defeat,250.2000000000542,0,6,8,84,31
random,980162,departure,300.7999999999901,66.04589322916706,9,8,115,34
random,980166,departure,300.7999999999901,45.45185859374992,1,8,116,32
random,980170,defeat,284.80000000003093,0,4,8,106,33
random,980174,defeat,285.00000000003075,0,0,8,105,33
random,980178,defeat,287.30000000002866,0,0,8,104,35
random,980182,defeat,230.1000000000439,0,4,7,73,31
random,980186,defeat,253.50000000005588,0,6,7,84,32
random,980190,defeat,280.70000000003466,0,9,8,100,34
random,980194,defeat,281.0000000000344,0,3,8,104,31
random,980198,defeat,236.60000000004723,0,0,6,72,29
random,980202,defeat,228.00000000004283,0,0,6,65,35
random,980206,defeat,225.30000000004145,0,8,7,67,32
random,980210,defeat,286.7000000000292,0,1,8,109,31
random,980214,harmony,300.89999999999003,129.37658854166676,9,9,117,34
random,980218,defeat,270.3000000000441,0,0,8,93,32
random,980222,defeat,290.30000000002593,0,0,8,113,33
random,980226,defeat,248.00000000005306,0,9,7,80,32
random,980230,defeat,282.4000000000331,0,3,8,105,32
random,980234,defeat,286.5000000000294,0,0,9,112,29
random,980238,defeat,205.60000000003137,0,6,6,61,30
random,980242,defeat,286.6000000000293,0,4,8,105,31
random,980246,departure,300.7999999999901,200.8918515625,7,8,114,36
random,980250,defeat,279.7000000000356,0,6,9,105,30
random,980254,defeat,240.40000000004918,0,9,7,80,29
random,980258,defeat,233.0000000000454,0,8,7,74,30
random,980262,defeat,266.9000000000472,0,0,8,92,32
random,980266,harmony,300.7999999999901,63.507672265625374,1,8,116,35
random,980270,departure,300.7999999999901,27.5019882812501,3,8,115,34
random,980274,defeat,234.4000000000461,0,6,7,73,33
random,980278,defeat,264.8000000000491,0,4,6,89,33
random,980282,defeat,238.5000000000482,0,5,8,81,30
random,980286,defeat,289.7000000000265,0,8,8,112,31
random,980290,defeat,233.8000000000458,0,6,7,77,29
random,980294,defeat,279.30000000003594,0,0,8,100,37
random,980298,defeat,289.0000000000271,0,0,8,106,34
guardian,980002,defeat,174.4000000000154,0,0,3,39,28
guardian,980006,defeat,223.50000000004053,0,0,5,63,28
guardian,980010,defeat,213.1000000000352,0,0,6,57,29
guardian,980014,defeat,198.90000000002794,0,1,6,56,29
guardian,980018,defeat,221.20000000003935,0,0,6,60,28
guardian,980022,defeat,227.00000000004232,0,0,6,61,30
guardian,980026,defeat,217.30000000003736,0,0,6,60,28
guardian,980030,defeat,221.60000000003956,0,0,6,58,31
guardian,980034,defeat,221.7000000000396,0,0,7,65,30
guardian,980038,defeat,173.0000000000147,0,0,4,38,28
guardian,980042,defeat,237.9000000000479,0,0,7,74,29
guardian,980046,defeat,170.90000000001362,0,0,2,34,28
guardian,980050,defeat,237.80000000004785,0,0,7,75,30
guardian,980054,defeat,212.5000000000349,0,0,5,59,29
guardian,980058,defeat,180.40000000001848,0,1,5,48,28
guardian,980062,defeat,246.3000000000522,0,1,7,79,28
guardian,980066,defeat,210.00000000003362,0,0,5,57,29
guardian,980070,defeat,202.7000000000299,0,0,3,47,29
guardian,980074,defeat,220.00000000003874,0,0,6,59,30
guardian,980078,defeat,249.80000000005398,0,0,6,75,28
guardian,980082,defeat,229.40000000004355,0,0,6,62,28
guardian,980086,defeat,211.60000000003444,0,0,5,55,29
guardian,980090,defeat,235.90000000004687,0,0,6,67,28
guardian,980094,defeat,220.500000000039,0,0,6,59,29
guardian,980098,defeat,219.20000000003833,0,0,6,61,30
watcher,980002,defeat,281.400000000034,0,2,9,103,40
watcher,980006,defeat,231.40000000004457,0,3,6,71,38
watcher,980010,defeat,264.4000000000495,0,0,7,90,35
watcher,980014,defeat,252.10000000005516,0,4,7,82,34
watcher,980018,defeat,260.2000000000533,0,2,7,91,35
watcher,980022,defeat,267.7000000000465,0,0,7,91,31
watcher,980026,defeat,279.50000000003575,0,3,9,103,38
watcher,980030,harmony,300.8999999999899,117.17890624999907,1,9,117,37
watcher,980034,defeat,279.1000000000361,0,0,8,99,33
watcher,980038,defeat,253.60000000005593,0,4,6,84,36
watcher,980042,defeat,293.3000000000232,0,0,9,115,35
watcher,980046,defeat,281.9000000000336,0,0,9,103,32
watcher,980050,defeat,282.3000000000332,0,0,9,103,34
watcher,980054,defeat,257.30000000005595,0,0,8,89,34
watcher,980058,defeat,252.0000000000551,0,1,7,82,34
watcher,980062,defeat,266.10000000004794,0,0,6,87,33
watcher,980066,defeat,279.40000000003585,0,0,8,102,34
watcher,980070,defeat,256.9000000000563,0,0,7,89,33
watcher,980074,defeat,251.6000000000549,0,1,6,81,35
watcher,980078,defeat,284.700000000031,0,0,9,110,38
watcher,980082,defeat,234.90000000004636,0,5,6,75,32
watcher,980086,defeat,268.20000000004603,0,0,8,93,34
watcher,980090,defeat,293.70000000002284,0,0,9,114,37
watcher,980094,defeat,282.2000000000333,0,0,9,106,38
watcher,980098,defeat,280.9000000000345,0,0,8,100,34
gunner,980002,defeat,229.3000000000435,0,1,6,67,33
gunner,980006,defeat,282.1000000000334,0,0,9,109,31
gunner,980010,defeat,236.60000000004723,0,0,6,74,33
gunner,980014,defeat,235.70000000004677,0,3,7,79,33
gunner,980018,defeat,221.3000000000394,0,0,6,63,30
gunner,980022,defeat,226.90000000004227,0,3,7,70,30
gunner,980026,defeat,268.60000000004567,0,0,8,93,36
gunner,980030,defeat,274.5000000000403,0,0,8,91,36
gunner,980034,defeat,278.7000000000365,0,0,8,99,32
gunner,980038,departure,300.89999999999003,33.04587890625005,2,9,117,36
gunner,980042,defeat,284.3000000000314,0,1,9,110,39
gunner,980046,defeat,227.50000000004258,0,2,7,68,33
gunner,980050,defeat,235.90000000004687,0,4,7,79,36
gunner,980054,defeat,225.4000000000415,0,1,6,68,34
gunner,980058,defeat,231.50000000004462,0,6,7,75,35
gunner,980062,defeat,226.10000000004186,0,5,7,71,34
gunner,980066,defeat,278.50000000003666,0,1,9,105,34
gunner,980070,defeat,281.50000000003394,0,0,8,104,33
gunner,980074,defeat,228.10000000004288,0,5,7,78,30
gunner,980078,force,300.99999999998994,36.72921874999996,3,10,118,36
gunner,980082,force,300.99999999998994,0.16324218750001762,3,10,118,37
gunner,980086,defeat,226.2000000000419,0,1,6,65,31
gunner,980090,defeat,234.8000000000463,0,8,7,78,34
gunner,980094,defeat,229.7000000000437,0,1,6,67,34
gunner,980098,defeat,286.4000000000295,0,0,8,109,38
scout,980002,defeat,209.70000000003347,0,0,6,58,31
scout,980006,defeat,223.70000000004063,0,0,7,66,31
scout,980010,defeat,225.70000000004165,0,0,6,65,30
scout,980014,defeat,224.6000000000411,0,0,7,66,31
scout,980018,defeat,263.80000000005003,0,0,8,89,37
scout,980022,defeat,230.00000000004385,0,0,6,67,33
scout,980026,defeat,270.3000000000441,0,0,8,93,37
scout,980030,defeat,271.50000000004303,0,0,8,93,34
scout,980034,defeat,235.20000000004651,0,0,7,75,32
scout,980038,defeat,233.90000000004585,0,0,7,75,34
scout,980042,defeat,256.20000000005695,0,0,8,87,33
scout,980046,defeat,237.9000000000479,0,0,7,78,33
scout,980050,defeat,257.8000000000555,0,0,8,87,33
scout,980054,defeat,226.90000000004227,0,0,6,66,30
scout,980058,defeat,206.40000000003178,0,0,6,58,31
scout,980062,defeat,237.9000000000479,0,0,7,77,34
scout,980066,defeat,283.4000000000322,0,0,9,107,34
scout,980070,defeat,228.00000000004283,0,0,7,68,31
scout,980074,defeat,220.500000000039,0,0,6,62,31
scout,980078,defeat,267.40000000004676,0,0,8,91,32
scout,980082,defeat,229.20000000004345,0,0,7,68,32
scout,980086,defeat,233.6000000000457,0,0,7,72,31
scout,980090,defeat,272.2000000000424,0,0,8,95,34
scout,980094,defeat,233.6000000000457,0,0,6,70,31
scout,980098,defeat,223.70000000004063,0,0,7,65,31
mixed,980002,defeat,275.00000000003985,0,0,8,98,31
mixed,980006,force,300.99999999998994,122.47249218750011,2,10,118,29
mixed,980010,defeat,292.70000000002375,0,0,9,116,31
mixed,980014,defeat,291.2000000000251,0,7,9,115,33
mixed,980018,defeat,248.60000000005337,0,3,8,82,29
mixed,980022,defeat,240.90000000004943,0,5,7,80,31
mixed,980026,defeat,248.70000000005342,0,4,8,82,35
mixed,980030,defeat,284.700000000031,0,0,8,102,35
mixed,980034,departure,300.89999999999003,130.89945312500026,1,9,117,31
mixed,980038,force,300.99999999998994,95.63744531250038,2,10,118,32
mixed,980042,defeat,287.5000000000285,0,2,9,111,33
mixed,980046,defeat,237.7000000000478,0,4,7,78,32
mixed,980050,defeat,293.2000000000233,0,3,9,112,32
mixed,980054,defeat,277.30000000003776,0,1,8,100,31
mixed,980058,defeat,285.3000000000305,0,0,9,110,31
mixed,980062,defeat,287.5000000000285,0,2,9,114,32
mixed,980066,defeat,281.0000000000344,0,5,9,108,29
mixed,980070,defeat,281.2000000000342,0,5,8,103,31
mixed,980074,force,300.99999999998994,34.21031250000007,4,10,118,31
mixed,980078,force,300.99999999998994,51.690953125000135,7,10,118,31
mixed,980082,defeat,279.7000000000356,0,4,9,107,30
mixed,980086,defeat,278.0000000000371,0,0,8,93,31
mixed,980090,force,300.99999999998994,3.327296875000327,4,10,118,32
mixed,980094,departure,300.89999999999003,21.46834375000021,2,9,117,31
mixed,980098,departure,300.7999999999901,73.41678385416691,3,8,116,33
casual,980002,defeat,230.80000000004426,0,4,7,71,27
casual,980006,defeat,177.500000000017,0,0,4,48,16
casual,980010,defeat,247.900000000053,0,4,7,79,29
casual,980014,defeat,229.1000000000434,0,6,7,72,24
casual,980018,defeat,226.2000000000419,0,0,7,67,23
casual,980022,defeat,181.70000000001914,0,4,5,50,18
casual,980026,defeat,227.50000000004258,0,7,6,65,26
casual,980030,defeat,181.400000000019,0,1,5,48,15
casual,980034,defeat,166.80000000001152,0,0,3,36,16
casual,980038,defeat,231.40000000004457,0,3,6,67,25
casual,980042,defeat,209.60000000003342,0,0,6,58,20
casual,980046,defeat,224.70000000004114,0,4,6,66,25
casual,980050,defeat,230.1000000000439,0,0,7,70,16
casual,980054,defeat,237.20000000004754,0,0,6,75,26
casual,980058,defeat,172.6000000000145,0,0,4,41,12
casual,980062,defeat,213.1000000000352,0,0,6,58,15
casual,980066,defeat,221.80000000003966,0,0,6,64,21
casual,980070,defeat,204.3000000000307,0,0,6,57,15
casual,980074,defeat,216.90000000003715,0,0,6,58,19
casual,980078,defeat,228.80000000004324,0,0,7,66,23
casual,980082,defeat,182.8000000000197,0,4,5,50,18
casual,980086,defeat,226.0000000000418,0,1,6,67,26
casual,980090,defeat,181.70000000001914,0,1,5,49,15
casual,980094,defeat,225.2000000000414,0,0,7,66,23
casual,980098,defeat,224.70000000004114,0,3,7,66,23
expert,980003,force,300.99999999998994,289.10642578125015,1,10,118,30
expert,980007,departure,300.89999999999003,1.3798750000000943,1,9,117,31
expert,980011,force,300.99999999998994,48.41039218749965,1,10,118,31
expert,980015,departure,300.7999999999901,96.07362278645863,1,8,115,31
expert,980019,force,300.99999999998994,70.4473426562498,1,10,118,35
expert,980023,defeat,281.0000000000344,0,0,9,106,33
expert,980027,force,300.99999999998994,363.61591783854107,1,10,118,30
expert,980031,defeat,291.1000000000252,0,0,9,111,34
expert,980035,force,300.99999999998994,69.41118515625003,1,10,118,31
expert,980039,departure,300.89999999999003,188.95511250000004,1,9,117,32
expert,980043,defeat,283.3000000000323,0,0,9,107,33
expert,980047,departure,300.89999999999003,328.05852278645807,1,9,117,32
expert,980051,force,300.99999999998994,132.38536718749995,2,10,118,30
expert,980055,force,300.99999999998994,130.6746415625003,1,10,118,34
expert,980059,harmony,300.99999999998994,0.2961656250001141,1,10,118,31
expert,980063,harmony,300.99999999998994,330.29363281250016,2,10,118,31
expert,980067,defeat,285.80000000003,0,0,9,110,31
expert,980071,harmony,300.99999999998994,234.2396555989584,1,10,118,31
expert,980075,departure,300.89999999999003,33.12433359374941,1,9,116,30
expert,980079,defeat,289.0000000000271,0,0,8,110,31
expert,980083,defeat,283.90000000003175,0,0,9,109,33
expert,980087,departure,300.89999999999003,203.33285546874998,3,9,117,31
expert,980091,departure,300.89999999999003,98.5750901041667,1,9,117,33
expert,980095,departure,300.89999999999003,342.5346968749998,1,9,117,32
expert,980099,harmony,300.89999999999003,195.3116648437499,1,9,117,36
expert,980103,defeat,297.7000000000192,0,0,9,117,31
expert,980107,departure,300.89999999999003,183.84953125,1,9,117,31
expert,980111,harmony,300.89999999999003,281.53022916666674,1,9,117,32
expert,980115,departure,300.89999999999003,294.03475281250013,1,9,117,31
expert,980119,departure,300.89999999999003,311.2310640625001,1,9,117,30
expert,980123,departure,300.89999999999003,204.32032031250012,1,9,117,31
expert,980127,departure,300.89999999999003,113.42103281249972,1,9,117,33
expert,980131,harmony,300.89999999999003,148.06965468750013,1,9,117,31
expert,980135,departure,300.89999999999003,39.55836718750009,1,9,117,32
expert,980139,defeat,290.60000000002566,0,0,9,114,31
expert,980143,defeat,283.1000000000325,0,0,9,106,31
expert,980147,departure,300.89999999999003,401.5558531249997,2,9,116,31
expert,980151,harmony,300.99999999998994,258.0606623437499,1,10,118,32
expert,980155,harmony,300.89999999999003,82.49167317708346,1,9,117,32
expert,980159,departure,300.89999999999003,106.27847070312494,1,9,117,31
expert,980163,departure,300.89999999999003,268.3494843749999,2,9,117,34
expert,980167,departure,300.89999999999003,488.1830661458326,1,9,117,29
expert,980171,defeat,285.00000000003075,0,0,9,106,30
expert,980175,defeat,287.7000000000283,0,0,9,108,31
expert,980179,defeat,299.9000000000172,0,0,9,117,34
expert,980183,defeat,291.70000000002466,0,0,9,112,32
expert,980187,departure,300.89999999999003,440.2058718749999,2,9,117,29
expert,980191,defeat,293.4000000000231,0,0,9,115,30
expert,980195,force,300.99999999998994,420.5649136718744,1,10,118,33
expert,980199,force,300.99999999998994,174.83528125000004,2,10,118,35
expert,980203,force,300.99999999998994,70.91473593750042,1,10,118,35
expert,980207,harmony,300.99999999998994,111.40601718749998,1,10,118,33
expert,980211,departure,300.89999999999003,302.6421562499993,1,9,117,31
expert,980215,departure,300.89999999999003,360.21638789062496,1,9,117,34
expert,980219,departure,300.89999999999003,291.29344453124975,1,9,116,34
expert,980223,departure,300.89999999999003,379.47730078124965,1,9,117,31
expert,980227,departure,300.89999999999003,346.70681445312505,1,9,117,34
expert,980231,force,300.99999999998994,3.173384375000251,1,10,118,30
expert,980235,defeat,282.4000000000331,0,1,8,106,31
expert,980239,departure,300.89999999999003,133.78344583333356,1,9,116,33
expert,980243,force,300.99999999998994,27.520541015625113,1,10,118,34
expert,980247,departure,300.89999999999003,35.50505546874953,1,9,117,33
expert,980251,force,300.99999999998994,7.614866875000329,1,10,118,30
expert,980255,force,300.99999999998994,190.1293761718751,1,10,118,33
expert,980259,departure,300.89999999999003,396.3497070312501,1,9,117,32
expert,980263,departure,300.89999999999003,192.79685286458337,1,9,117,30
expert,980267,force,300.99999999998994,119.94127031249967,1,10,118,36
expert,980271,departure,300.89999999999003,120.1249984375,1,9,117,34
expert,980275,defeat,285.3000000000305,0,0,9,110,32
expert,980279,departure,300.89999999999003,345.32710260416553,1,9,117,31
expert,980283,harmony,300.89999999999003,379.6826414062499,1,9,117,31
expert,980287,departure,300.89999999999003,190.8824139322917,1,9,117,29
expert,980291,defeat,284.4000000000313,0,0,8,105,33
expert,980295,force,300.99999999998994,104.76066653645812,1,10,118,30
expert,980299,defeat,252.40000000005531,0,4,8,85,30
random,980003,defeat,285.7000000000301,0,1,8,107,33
random,980007,defeat,235.0000000000464,0,5,7,73,31
random,980011,defeat,208.50000000003286,0,7,6,63,33
random,980015,defeat,270.3000000000441,0,0,8,89,34
random,980019,departure,300.7999999999902,71.74245312500015,1,8,113,32
random,980023,defeat,234.70000000004626,0,0,7,74,33
random,980027,defeat,286.00000000002984,0,9,8,106,33
random,980031,defeat,229.00000000004334,0,4,7,69,30
random,980035,defeat,252.50000000005537,0,9,8,85,31
random,980039,defeat,232.70000000004524,0,8,7,76,32
random,980043,harmony,300.7999999999901,159.92611067708333,4,8,115,33
random,980047,defeat,239.70000000004882,0,1,7,78,30
random,980051,defeat,280.1000000000352,0,9,8,99,34
random,980055,departure,300.89999999999003,182.68880820312495,1,9,117,35
random,980059,defeat,283.2000000000324,0,9,8,106,33
random,980063,defeat,294.90000000002175,0,0,8,115,35
random,980067,defeat,266.6000000000475,0,0,8,89,32
random,980071,defeat,280.2000000000351,0,0,8,101,31
random,980075,defeat,276.5000000000385,0,0,8,95,29
random,980079,defeat,251.90000000005506,0,8,8,85,33
random,980083,defeat,237.9000000000479,0,0,7,79,30
random,980087,defeat,275.00000000003985,0,0,8,92,32
random,980091,defeat,237.80000000004785,0,0,7,76,30
random,980095,force,300.99999999998994,0.6964453125000638,4,10,118,35
random,980099,defeat,238.60000000004825,0,8,7,80,32
random,980103,defeat,266.20000000004785,0,0,8,91,30
random,980107,defeat,281.50000000003394,0,5,8,102,30
random,980111,defeat,238.60000000004825,0,8,7,77,36
random,980115,defeat,239.70000000004882,0,8,7,76,34
random,980119,defeat,283.4000000000322,0,0,8,98,32
random,980123,defeat,276.5000000000385,0,0,8,99,31
random,980127,harmony,300.79999999999,50.23945572916663,4,8,115,37
random,980131,defeat,283.80000000003184,0,5,8,103,32
random,980135,harmony,300.7999999999901,51.05802734375014,9,8,113,36
random,980139,defeat,255.00000000005664,0,9,7,82,33
random,980143,defeat,232.60000000004518,0,0,7,71,29
random,980147,defeat,286.6000000000293,0,0,9,108,30
random,980151,defeat,256.30000000005685,0,9,7,86,32
random,980155,defeat,227.30000000004247,0,8,7,71,31
random,980159,defeat,235.40000000004662,0,6,7,78,32
random,980163,defeat,267.8000000000464,0,9,7,93,32
random,980167,departure,300.89999999999003,38.867390625000304,4,9,117,34
random,980171,defeat,289.8000000000264,0,0,8,108,35
random,980175,defeat,290.30000000002593,0,0,9,110,33
random,980179,defeat,284.10000000003157,0,3,8,105,37
random,980183,defeat,296.5000000000203,0,0,8,115,33
random,980187,defeat,259.40000000005404,0,2,8,89,32
random,980191,defeat,280.40000000003494,0,9,8,100,32
random,980195,defeat,277.20000000003785,0,0,8,97,31
random,980199,defeat,283.4000000000322,0,6,8,103,30
random,980203,defeat,235.80000000004682,0,1,7,77,31
random,980207,defeat,242.30000000005015,0,7,7,80,33
random,980211,defeat,230.00000000004385,0,6,7,71,31
random,980215,departure,300.89999999999003,131.6851666666669,3,9,116,29
random,980219,defeat,278.50000000003666,0,9,8,100,32
random,980223,defeat,232.50000000004513,0,3,7,76,30
random,980227,defeat,256.9000000000563,0,3,8,87,35
random,980231,defeat,279.60000000003566,0,0,8,94,35
random,980235,defeat,280.9000000000345,0,6,8,106,29
random,980239,defeat,282.4000000000331,0,6,8,106,31
random,980243,defeat,253.40000000005583,0,9,7,84,34
random,980247,defeat,294.600000000022,0,8,8,111,32
random,980251,defeat,292.60000000002384,0,7,8,113,32
random,980255,defeat,239.20000000004856,0,8,7,78,32
random,980259,defeat,287.7000000000283,0,0,9,110,31
random,980263,defeat,280.1000000000352,0,9,8,101,36
random,980267,defeat,277.30000000003776,0,0,8,95,35
random,980271,departure,300.7999999999901,85.07141015625012,2,8,116,31
random,980275,defeat,238.80000000004836,0,6,7,79,32
random,980279,defeat,231.20000000004447,0,5,7,71,31
random,980283,departure,300.89999999999003,99.46085807291699,1,9,117,29
random,980287,departure,300.7999999999901,63.43419140625003,7,8,116,36
random,980291,defeat,248.70000000005342,0,1,7,80,31
random,980295,defeat,227.30000000004247,0,8,7,69,32
random,980299,defeat,235.70000000004677,0,1,7,74,33
guardian,980003,defeat,213.60000000003546,0,0,6,57,29
guardian,980007,defeat,212.40000000003485,0,0,6,58,29
guardian,980011,defeat,221.9000000000397,0,0,6,59,30
guardian,980015,defeat,231.10000000004442,0,0,6,67,30
guardian,980019,defeat,224.00000000004079,0,0,6,65,29
guardian,980023,defeat,177.80000000001715,0,0,5,45,28
guardian,980027,defeat,222.90000000004022,0,0,6,58,28
guardian,980031,defeat,165.4000000000108,0,0,3,34,28
guardian,980035,defeat,229.9000000000438,0,0,7,66,29
guardian,980039,defeat,212.5000000000349,0,0,6,60,29
guardian,980043,defeat,215.30000000003633,0,0,6,60,29
guardian,980047,defeat,221.9000000000397,0,0,6,63,29
guardian,980051,defeat,211.00000000003413,0,0,6,58,28
guardian,980055,defeat,217.50000000003746,0,0,5,59,30
guardian,980059,defeat,170.60000000001347,0,0,3,39,28
guardian,980063,defeat,225.90000000004176,0,0,6,63,29
guardian,980067,defeat,181.90000000001925,0,1,4,46,28
guardian,980071,defeat,227.10000000004237,0,0,6,65,28
guardian,980075,defeat,213.40000000003536,0,0,4,57,28
guardian,980079,defeat,200.50000000002876,0,0,5,54,29
guardian,980083,defeat,219.40000000003843,0,0,6,58,30
guardian,980087,defeat,227.10000000004237,0,0,6,63,28
guardian,980091,defeat,201.50000000002927,0,0,4,48,29
guardian,980095,defeat,232.40000000004508,0,0,7,68,28
guardian,980099,defeat,175.00000000001572,0,0,3,38,28
watcher,980003,defeat,281.0000000000344,0,0,8,103,35
watcher,980007,defeat,268.40000000004585,0,3,8,97,35
watcher,980011,defeat,264.10000000004976,0,0,7,90,36
watcher,980015,defeat,250.10000000005414,0,3,6,80,34
watcher,980019,defeat,259.2000000000542,0,0,7,90,34
watcher,980023,defeat,232.20000000004498,0,3,7,75,38
watcher,980027,defeat,265.8000000000482,0,0,7,89,36
watcher,980031,defeat,265.10000000004885,0,0,8,89,34
watcher,980035,defeat,271.70000000004285,0,0,6,90,31
watcher,980039,departure,300.8999999999899,115.70562499999961,2,9,116,35
watcher,980043,defeat,232.40000000004508,0,6,6,73,31
watcher,980047,defeat,294.600000000022,0,0,9,112,35
watcher,980051,defeat,251.30000000005475,0,7,7,82,37
watcher,980055,defeat,279.50000000003575,0,0,9,100,35
watcher,980059,defeat,256.20000000005695,0,4,7,91,35
watcher,980063,defeat,274.80000000004003,0,0,8,97,39
watcher,980067,defeat,234.6000000000462,0,1,7,77,32
watcher,980071,defeat,264.90000000004903,0,0,7,90,36
watcher,980075,defeat,273.1000000000416,0,0,8,95,37
watcher,980079,defeat,262.90000000005085,0,0,8,91,32
watcher,980083,defeat,261.5000000000521,0,0,8,84,42
watcher,980087,defeat,257.7000000000556,0,1,7,85,36
watcher,980091,defeat,253.50000000005588,0,1,7,83,32
watcher,980095,departure,300.8999999999899,78.2811914062499,2,9,117,35
watcher,980099,defeat,280.40000000003494,0,0,8,99,32
gunner,980003,defeat,287.8000000000282,0,0,8,112,34
gunner,980007,defeat,239.3000000000486,0,3,7,80,32
gunner,980011,defeat,237.60000000004774,0,2,7,77,34
gunner,980015,defeat,289.60000000002657,0,3,9,115,31
gunner,980019,defeat,250.30000000005424,0,4,8,86,36
gunner,980023,defeat,237.1000000000475,0,1,7,74,37
gunner,980027,force,300.99999999998994,107.52592447916669,3,10,118,35
gunner,980031,defeat,282.4000000000331,0,1,9,112,32
gunner,980035,defeat,237.5000000000477,0,6,7,80,31
gunner,980039,force,300.99999999999,8.393710937499947,4,10,118,35
gunner,980043,defeat,258.7000000000547,0,0,8,89,36
gunner,980047,defeat,262.3000000000514,0,0,8,91,34
gunner,980051,defeat,228.10000000004288,0,3,7,71,31
gunner,980055,defeat,269.0000000000453,0,0,8,95,33
gunner,980059,defeat,228.60000000004314,0,0,7,69,32
gunner,980063,defeat,279.60000000003566,0,0,8,103,31
gunner,980067,defeat,234.90000000004636,0,3,7,80,29
gunner,980071,defeat,280.70000000003466,0,3,9,107,37
gunner,980075,defeat,284.3000000000314,0,0,8,105,37
gunner,980079,defeat,285.5000000000303,0,2,9,110,38
gunner,980083,defeat,262.2000000000515,0,0,8,91,33
gunner,980087,defeat,280.1000000000352,0,3,9,106,36
gunner,980091,defeat,226.50000000004206,0,1,6,66,31
gunner,980095,defeat,286.20000000002966,0,2,9,113,34
gunner,980099,defeat,224.30000000004094,0,4,7,65,31
scout,980003,defeat,230.1000000000439,0,0,7,69,30
scout,980007,defeat,231.00000000004437,0,0,7,72,32
scout,980011,defeat,222.50000000004002,0,0,6,64,31
scout,980015,defeat,229.60000000004365,0,0,7,71,33
scout,980019,defeat,232.20000000004498,0,0,7,72,30
scout,980023,defeat,208.2000000000327,0,0,6,58,35
scout,980027,defeat,230.40000000004406,0,0,7,71,30
scout,980031,defeat,220.80000000003915,0,0,6,60,31
scout,980035,defeat,284.6000000000311,0,0,9,111,33
scout,980039,defeat,235.60000000004672,0,0,7,77,31
scout,980043,defeat,224.6000000000411,0,0,7,66,31
scout,980047,defeat,259.70000000005376,0,0,8,87,37
scout,980051,defeat,228.9000000000433,0,0,6,64,34
scout,980055,defeat,236.30000000004708,0,0,7,76,32
scout,980059,defeat,213.90000000003562,0,0,6,57,30
scout,980063,defeat,228.9000000000433,0,0,7,68,32
scout,980067,defeat,218.40000000003792,0,0,6,59,30
scout,980071,defeat,234.30000000004605,0,0,7,76,31
scout,980075,defeat,234.30000000004605,0,0,7,75,30
scout,980079,defeat,214.60000000003598,0,0,6,60,31
scout,980083,defeat,228.00000000004283,0,0,7,67,30
scout,980087,defeat,289.9000000000263,0,0,8,110,36
scout,980091,defeat,215.70000000003654,0,0,6,62,31
scout,980095,defeat,226.50000000004206,0,0,6,65,31
scout,980099,defeat,234.50000000004616,0,0,7,75,30
mixed,980003,force,300.99999999998994,228.2043704427087,2,10,118,32
mixed,980007,defeat,283.600000000032,0,2,9,111,33
mixed,980011,force,300.99999999998994,60.2370416666669,1,10,118,33
mixed,980015,departure,300.89999999999003,26.772785156250123,2,9,117,31
mixed,980019,force,300.99999999998994,15.433195312500038,6,10,118,32
mixed,980023,defeat,282.500000000033,0,0,8,102,32
mixed,980027,departure,300.89999999999003,196.67960156250012,2,9,117,31
mixed,980031,force,300.99999999998994,110.12998828125018,5,10,118,30
mixed,980035,departure,300.89999999999003,18.729375000000147,7,9,117,34
mixed,980039,defeat,285.80000000003,0,2,9,113,31
mixed,980043,defeat,281.400000000034,0,0,8,102,34
mixed,980047,defeat,285.4000000000304,0,0,9,111,35
mixed,980051,defeat,253.00000000005562,0,2,8,85,33
mixed,980055,departure,300.89999999999003,196.02592187500017,3,9,117,32
mixed,980059,defeat,261.60000000005203,0,0,8,94,29
mixed,980063,harmony,300.89999999999003,176.63433593750005,1,9,117,32
mixed,980067,force,300.99999999998994,92.63821875000008,8,10,118,32
mixed,980071,defeat,286.4000000000295,0,4,9,114,32
mixed,980075,departure,300.89999999999003,243.16482421874997,4,9,117,37
mixed,980079,departure,300.89999999999003,145.5966640625001,6,9,117,34
mixed,980083,departure,300.89999999999003,73.14056640625004,1,9,117,32
mixed,980087,defeat,279.200000000036,0,2,9,103,31
mixed,980091,defeat,266.20000000004785,0,0,8,92,31
mixed,980095,defeat,284.90000000003084,0,3,9,110,33
mixed,980099,defeat,235.70000000004677,0,3,7,79,29
casual,980003,defeat,202.30000000002968,0,1,6,56,19
casual,980007,defeat,231.70000000004472,0,4,7,72,27
casual,980011,defeat,174.70000000001556,0,0,5,45,14
casual,980015,defeat,173.90000000001515,0,0,5,46,17
casual,980019,defeat,222.90000000004022,0,2,6,63,24
casual,980023,defeat,223.00000000004027,0,0,6,61,23
casual,980027,defeat,275.10000000003976,0,0,8,92,25
casual,980031,defeat,221.7000000000396,0,6,7,65,26
casual,980035,defeat,230.7000000000442,0,0,6,65,20
casual,980039,defeat,168.80000000001255,0,0,5,41,17
casual,980043,defeat,176.9000000000167,0,0,4,48,15
casual,980047,defeat,251.2000000000547,0,3,8,85,28
casual,980051,defeat,180.30000000001843,0,1,4,47,15
casual,980055,defeat,232.90000000004534,0,0,7,70,24
casual,980059,defeat,204.00000000003055,0,0,6,59,16
casual,980063,defeat,220.80000000003915,0,0,6,60,17
casual,980067,defeat,219.70000000003859,0,0,6,61,18
casual,980071,defeat,226.30000000004196,0,0,6,65,21
casual,980075,defeat,208.2000000000327,0,0,6,57,17
casual,980079,defeat,224.2000000000409,0,2,7,66,25
casual,980083,defeat,221.80000000003966,0,0,6,64,17
casual,980087,defeat,182.50000000001955,0,1,5,50,19
casual,980091,defeat,175.60000000001602,0,0,5,48,14
casual,980095,defeat,214.40000000003587,0,0,6,62,19
casual,980099,defeat,211.40000000003434,0,0,6,58,16